trial_nr	onset	event_type	phase	response	nr_frames	onset_abs	duration
0	0.05102880599997661	stim	0		166	6.55734970200001	2.9326023290000194
0	2.8880808379999507	pulse	0	t		9.394401733999985	
1	2.983631134999996	stim	0		24	9.48995203100003	0.4829705560000548
1	3.3876745560000927	pulse	0	t		9.893995452000127	
2	3.4666016910000508	stim	0		57	9.972922587000085	1.4334623849999844
